Unnamed: 0,date,S77_S_FLOW_cmd
0,2000-01-02,3248196.02396554
1,2000-01-03,2395001.73372526
2,2000-01-04,2114281.65554968
3,2000-01-05,1641162.87641779
4,2000-01-06,435001.132121472
5,2000-01-07,0.0
6,2000-01-08,0.0
7,2000-01-09,0.0
8,2000-01-10,0.0
9,2000-01-11,1834613.60485899
10,2000-01-12,5497479.71815674
11,2000-01-13,7334221.84374096
12,2000-01-14,7676938.14625826
13,2000-01-15,5729048.09360836
14,2000-01-16,4159447.55191809
15,2000-01-17,3294901.15114326
16,2000-01-18,2431773.76418525
17,2000-01-19,1642606.35599007
18,2000-01-20,1395649.02035261
19,2000-01-21,1225000.37600237
20,2000-01-22,1054841.04676138
21,2000-01-23,1258224.87192031
22,2000-01-24,303766.819821158
23,2000-01-25,0.0
24,2000-01-26,2138282.5616583
25,2000-01-27,1791700.66977794
26,2000-01-28,0.0
27,2000-01-29,0.0
28,2000-01-30,0.0
29,2000-01-31,0.0
30,2000-02-01,0.0
31,2000-02-02,0.0
32,2000-02-03,0.0
33,2000-02-04,0.0
34,2000-02-05,0.0
35,2000-02-06,0.0
36,2000-02-07,0.0
37,2000-02-08,0.0
38,2000-02-09,186575.851156262
39,2000-02-10,629503.888047552
40,2000-02-11,690741.673969939
41,2000-02-12,996465.75422809
42,2000-02-13,769252.283248781
43,2000-02-14,162232.424471174
44,2000-02-15,0.0
45,2000-02-16,0.0
46,2000-02-17,1501145.35790648
47,2000-02-18,1286605.14825669
48,2000-02-19,0.0
49,2000-02-20,0.0
50,2000-02-21,0.0
51,2000-02-22,570957.335226029
52,2000-02-23,1649946.08262879
53,2000-02-24,1901282.78849403
54,2000-02-25,1100029.29710043
55,2000-02-26,750193.459743571
56,2000-02-27,641345.313691354
57,2000-02-28,0.0
58,2000-02-29,0.0
59,2000-03-01,1278360.18866586
60,2000-03-02,1385251.07428109
61,2000-03-03,715427.621231501
62,2000-03-04,1733203.04846734
63,2000-03-05,890504.567320435
64,2000-03-06,343450.275181171
65,2000-03-07,1684296.003298
66,2000-03-08,3092300.23015912
67,2000-03-09,2328699.53642216
68,2000-03-10,2372199.6496343
69,2000-03-11,1103405.57135424
70,2000-03-12,256376.65149049
71,2000-03-13,17737.67271024
72,2000-03-14,788017.517688442
73,2000-03-15,1902457.14475622
74,2000-03-16,1204987.38803412
75,2000-03-17,877146.264837965
76,2000-03-18,1284134.10695499
77,2000-03-19,560021.142534336
78,2000-03-20,107233.406191699
79,2000-03-21,570712.677671405
80,2000-03-22,974373.177045543
81,2000-03-23,2130477.98566579
82,2000-03-24,1320000.90446287
83,2000-03-25,2387515.21255377
84,2000-03-26,1389679.37601978
85,2000-03-27,1006129.72763574
86,2000-03-28,1134941.93014527
87,2000-03-29,1901087.06245033
88,2000-03-30,1884376.95146951
89,2000-03-31,2291609.45114116
90,2000-04-01,2375257.8690671
91,2000-04-02,2358865.8129073
92,2000-04-03,2344822.46927188
93,2000-04-04,3087064.55849017
94,2000-04-05,4117293.05525637
95,2000-04-06,4041498.14483386
96,2000-04-07,4296480.24826299
97,2000-04-08,4349962.3897038
98,2000-04-09,4400655.43502189
99,2000-04-10,3201564.2940542
100,2000-04-11,2017079.20909757
101,2000-04-12,2513954.23678345
102,2000-04-13,1781180.39492911
103,2000-04-14,307950.464005229
104,2000-04-15,0.0
105,2000-04-16,0.0
106,2000-04-17,0.0
107,2000-04-18,0.0
108,2000-04-19,385751.566375661
109,2000-04-20,1226492.78708557
110,2000-04-21,2885931.58283378
111,2000-04-22,3212720.67854506
112,2000-04-23,2784961.41004045
113,2000-04-24,3017141.42937863
114,2000-04-25,4753500.56030062
115,2000-04-26,8356229.8466718
116,2000-04-27,9941855.45818994
117,2000-04-28,9674371.35371952
118,2000-04-29,9453274.32160581
119,2000-04-30,9516542.76523158
120,2000-05-01,9592557.86745325
121,2000-05-02,9721663.65902834
122,2000-05-03,9605035.40273908
123,2000-05-04,9485691.44759349
124,2000-05-05,9155526.0776284
125,2000-05-06,8881583.01371591
126,2000-05-07,8835220.40711466
127,2000-05-08,8760453.05842157
128,2000-05-09,8791720.29390252
129,2000-05-10,8584544.27664691
130,2000-05-11,7329573.3502031
131,2000-05-12,7757259.22144132
132,2000-05-13,8629463.40367588
133,2000-05-14,8151842.92553891
134,2000-05-15,8130288.59497653
135,2000-05-16,7007848.66587254
136,2000-05-17,5919880.98621508
137,2000-05-18,5890986.92901398
138,2000-05-19,5710013.73585861
139,2000-05-20,5655210.44362284
140,2000-05-21,3844181.8270296
141,2000-05-22,2829513.55073748
142,2000-05-23,3124766.28765773
143,2000-05-24,3202175.93794076
144,2000-05-25,3408544.58526611
145,2000-05-26,3182676.73083723
146,2000-05-27,2453352.56050309
147,2000-05-28,2103957.10674455
148,2000-05-29,2340296.30451133
149,2000-05-30,2134416.97229524
150,2000-05-31,1235691.91113944
151,2000-06-01,1870064.48452401
152,2000-06-02,3204475.71895423
153,2000-06-03,2512755.41476579
154,2000-06-04,1191996.07188359
155,2000-06-05,1220229.5536872
156,2000-06-06,1211054.8953888
157,2000-06-07,1216510.75885692
158,2000-06-08,408700.444999392
159,2000-06-09,0.0
160,2000-06-10,1306520.27320308
161,2000-06-11,1411747.48744687
162,2000-06-12,44429.8119197184
163,2000-06-13,647853.204644352
164,2000-06-14,1067783.43140099
165,2000-06-15,2280697.72420493
166,2000-06-16,2470282.86328307
167,2000-06-17,2396445.21329754
168,2000-06-18,1799603.10879229
169,2000-06-19,1043929.31982515
170,2000-06-20,1518980.89363857
171,2000-06-21,2275535.44980236
172,2000-06-22,1619070.29923524
173,2000-06-23,1437485.46219331
174,2000-06-24,871250.017771526
175,2000-06-25,0.0
176,2000-06-26,0.0
177,2000-06-27,0.0
178,2000-06-28,0.0
179,2000-06-29,0.0
180,2000-06-30,0.0
181,2000-07-01,0.0
182,2000-07-02,0.0
183,2000-07-03,0.0
184,2000-07-04,0.0
185,2000-07-05,0.0
186,2000-07-06,0.0
187,2000-07-07,0.0
188,2000-07-08,0.0
189,2000-07-09,0.0
190,2000-07-10,0.0
191,2000-07-11,671609.453198342
192,2000-07-12,894859.471792742
193,2000-07-13,0.0
194,2000-07-14,0.0
195,2000-07-15,0.0
196,2000-07-16,0.0
197,2000-07-17,0.0
198,2000-07-18,0.0
199,2000-07-19,0.0
200,2000-07-20,0.0
201,2000-07-21,0.0
202,2000-07-22,0.0
203,2000-07-23,0.0
204,2000-07-24,0.0
205,2000-07-25,0.0
206,2000-07-26,0.0
207,2000-07-27,0.0
208,2000-07-28,0.0
209,2000-07-29,0.0
210,2000-07-30,0.0
211,2000-07-31,0.0
212,2000-08-01,0.0
213,2000-08-02,0.0
214,2000-08-03,0.0
215,2000-08-04,0.0
216,2000-08-05,0.0
217,2000-08-06,223250.0185944
218,2000-08-07,366178.962005741
219,2000-08-08,340294.192726522
220,2000-08-09,315290.190643949
221,2000-08-10,284243.146962163
222,2000-08-11,1157425.95941522
223,2000-08-12,975743.259351437
224,2000-08-13,242039.718789523
225,2000-08-14,1467162.4235692
226,2000-08-15,1988454.27520656
227,2000-08-16,2016369.70218916
228,2000-08-17,1861623.79888948
229,2000-08-18,1710254.16984361
230,2000-08-19,1435626.06477817
231,2000-08-20,1197916.78470549
232,2000-08-21,1066413.34909509
233,2000-08-22,1399000.82885096
234,2000-08-23,751710.33658224
235,2000-08-24,207689.798120314
236,2000-08-25,1486245.71282988
237,2000-08-26,1309651.88990227
238,2000-08-27,1034412.14095027
239,2000-08-28,588866.268224506
240,2000-08-29,258749.829770342
241,2000-08-30,216277.278287616
242,2000-08-31,154134.25941312
243,2000-09-01,450610.284106483
244,2000-09-02,564938.759382278
245,2000-09-03,641883.560311527
246,2000-09-04,611619.420804538
247,2000-09-05,398914.142814432
248,2000-09-06,0.0
249,2000-09-07,0.0
250,2000-09-08,0.0
251,2000-09-09,0.0
252,2000-09-10,0.0
253,2000-09-11,0.0
254,2000-09-12,0.0
255,2000-09-13,0.0
256,2000-09-14,377408.743762982
257,2000-09-15,604817.94078599
258,2000-09-16,0.0
259,2000-09-17,0.0
260,2000-09-18,0.0
261,2000-09-19,0.0
262,2000-09-20,0.0
263,2000-09-21,0.0
264,2000-09-22,0.0
265,2000-09-23,0.0
266,2000-09-24,0.0
267,2000-09-25,0.0
268,2000-09-26,0.0
269,2000-09-27,0.0
270,2000-09-28,0.0
271,2000-09-29,0.0
272,2000-09-30,0.0
273,2000-10-01,0.0
274,2000-10-02,0.0
275,2000-10-03,0.0
276,2000-10-04,0.0
277,2000-10-05,0.0
278,2000-10-06,0.0
279,2000-10-07,0.0
280,2000-10-08,0.0
281,2000-10-09,0.0
282,2000-10-10,0.0
283,2000-10-11,0.0
284,2000-10-12,0.0
285,2000-10-13,420639.733665043
286,2000-10-14,682643.508911885
287,2000-10-15,306360.189900173
288,2000-10-16,0.0
289,2000-10-17,585294.267926995
290,2000-10-18,889672.731634714
291,2000-10-19,852411.386065479
292,2000-10-20,1240707.39100923
293,2000-10-21,806978.478171802
294,2000-10-22,682594.57740096
295,2000-10-23,680172.467610182
296,2000-10-24,664000.603249536
297,2000-10-25,626127.613793741
298,2000-10-26,636036.244756013
299,2000-10-27,876412.292174093
300,2000-10-28,1229037.22565366
301,2000-10-29,1123443.02507795
302,2000-10-30,886638.977957376
303,2000-10-31,905306.349375187
304,2000-11-01,1051048.8546647
305,2000-11-02,1091588.6114659
306,2000-11-03,1058780.03339082
307,2000-11-04,751147.624206605
308,2000-11-05,757655.515159603
309,2000-11-06,604597.748986829
310,2000-11-07,470476.477541952
311,2000-11-08,1179176.01602129
312,2000-11-09,1485511.740166
313,2000-11-10,1549465.22494472
314,2000-11-11,1423270.85826966
315,2000-11-12,1038375.59333518
316,2000-11-13,866405.798189971
317,2000-11-14,0.0
318,2000-11-15,710118.55229616
319,2000-11-16,1553477.60884055
320,2000-11-17,1332282.71370499
321,2000-11-18,1444776.25732111
322,2000-11-19,932341.009161139
323,2000-11-20,1287339.12092056
324,2000-11-21,600609.830846458
325,2000-11-22,444591.708262733
326,2000-11-23,419416.445891923
327,2000-11-24,377531.072540294
328,2000-11-25,483247.601893325
329,2000-11-26,1418010.72084524
330,2000-11-27,0.0
331,2000-11-28,0.0
332,2000-11-29,989101.561833907
333,2000-11-30,826502.151030797
334,2000-12-01,612842.708577658
335,2000-12-02,464604.696230976
336,2000-12-03,409140.828597715
337,2000-12-04,412908.554938925
338,2000-12-05,950421.202447853
339,2000-12-06,1180399.30379441
340,2000-12-07,0.0
341,2000-12-08,1467553.8756566
342,2000-12-09,597820.734723744
343,2000-12-10,0.0
344,2000-12-11,1276892.24333812
345,2000-12-12,666789.69937225
346,2000-12-13,1003585.28906765
347,2000-12-14,0.0
348,2000-12-15,643400.437150195
349,2000-12-16,0.0
350,2000-12-17,0.0
351,2000-12-18,-622115.229897907
352,2000-12-19,212362.757413632
353,2000-12-20,2203655.06025383
354,2000-12-21,933074.981825011
355,2000-12-22,
356,2000-12-23,
357,2000-12-24,
358,2000-12-25,
359,2000-12-26,
360,2000-12-27,
361,2000-12-28,
362,2000-12-29,
363,2000-12-30,
364,2000-12-31,
365,2001-01-01,
366,2001-01-02,
367,2001-01-03,263129.199998112
368,2001-01-04,358423.31752416
369,2001-01-05,-647877.670399814
370,2001-01-06,-1076468.77459014
371,2001-01-07,-44992.5242953536
372,2001-01-08,-1080358.82970866
373,2001-01-09,-1214969.41626278
374,2001-01-10,-542087.743780397
375,2001-01-11,-1529183.11366639
376,2001-01-12,-462060.257662886
377,2001-01-13,0.0
378,2001-01-14,0.0
379,2001-01-15,365836.441429267
380,2001-01-16,15535.754718624
381,2001-01-17,384259.155292454
382,2001-01-18,0.0
383,2001-01-19,139528.203402067
384,2001-01-20,37163.4825473856
385,2001-01-21,0.0
386,2001-01-22,0.0
387,2001-01-23,0.0
388,2001-01-24,0.0
389,2001-01-25,0.0
390,2001-01-26,-28429.2078473088
391,2001-01-27,0.0
392,2001-01-28,0.0
393,2001-01-29,0.0
394,2001-01-30,0.0
395,2001-01-31,328159.178017171
396,2001-02-01,0.0
397,2001-02-02,222931.963773389
398,2001-02-03,0.0
399,2001-02-04,0.0
400,2001-02-05,333639.507240749
401,2001-02-06,0.0
402,2001-02-07,604842.406541453
403,2001-02-08,0.0
404,2001-02-09,907263.609812179
405,2001-02-10,0.0
406,2001-02-11,0.0
407,2001-02-12,679829.947033709
408,2001-02-13,0.0
409,2001-02-14,728908.252491283
410,2001-02-15,0.0
411,2001-02-16,673077.398526086
412,2001-02-17,0.0
413,2001-02-18,6067.5073546752
414,2001-02-19,843701.577120864
415,2001-02-20,0.0
416,2001-02-21,812067.355307981
417,2001-02-22,91330.6651411392
418,2001-02-23,1105338.36603577
419,2001-02-24,618225.174779386
420,2001-02-25,0.0
421,2001-02-26,315779.505753197
422,2001-02-27,407526.088737197
423,2001-02-28,80370.006693984
424,2001-03-01,590040.624486701
425,2001-03-02,686117.646187546
426,2001-03-03,0.0
427,2001-03-04,0.0
428,2001-03-05,0.0
429,2001-03-06,0.0
430,2001-03-07,508349.466997747
431,2001-03-08,1006667.97425591
432,2001-03-09,694778.523621235
433,2001-03-10,210968.209352275
434,2001-03-11,188288.45403863
435,2001-03-12,533916.181455955
436,2001-03-13,0.0
437,2001-03-14,650789.09529984
438,2001-03-15,94437.816084864
439,2001-03-16,512728.837225517
440,2001-03-17,982740.465413683
441,2001-03-18,907728.459165965
442,2001-03-19,331926.904358381
443,2001-03-20,-159883.711946784
444,2001-03-21,0.0
445,2001-03-22,0.0
446,2001-03-23,0.0
447,2001-03-24,0.0
448,2001-03-25,0.0
449,2001-03-26,0.0
450,2001-03-27,0.0
451,2001-03-28,1022081.40019722
452,2001-03-29,0.0
453,2001-03-30,0.0
454,2001-03-31,0.0
455,2001-04-01,0.0
456,2001-04-02,0.0
457,2001-04-03,0.0
458,2001-04-04,363463.263149414
459,2001-04-05,451784.640368678
460,2001-04-06,735636.335243443
461,2001-04-07,509817.412325491
462,2001-04-08,0.0
463,2001-04-09,0.0
464,2001-04-10,0.0
465,2001-04-11,1656111.45300532
466,2001-04-12,3722048.7757613
467,2001-04-13,1760164.31098691
468,2001-04-14,0.0
469,2001-04-15,0.0
470,2001-04-16,865060.181639539
471,2001-04-17,0.0
472,2001-04-18,1622789.09406553
473,2001-04-19,3167067.57885222
474,2001-04-20,4154578.86658107
475,2001-04-21,3146100.42642094
476,2001-04-22,0.0
477,2001-04-23,-933417.502401485
478,2001-04-24,-388760.854297536
479,2001-04-25,1101717.43422733
480,2001-04-26,1433840.06462941
481,2001-04-27,1432054.06448066
482,2001-04-28,1026999.01704516
483,2001-04-29,685359.207768211
484,2001-04-30,1128434.03919228
485,2001-05-01,221977.799310355
486,2001-05-02,794525.40864144
487,2001-05-03,516594.426588576
488,2001-05-04,709653.702942375
489,2001-05-05,0.0
490,2001-05-06,0.0
491,2001-05-07,598236.652566605
492,2001-05-08,1223361.17038639
493,2001-05-09,1224853.58146959
494,2001-05-10,726094.690613107
495,2001-05-11,1255533.63881944
496,2001-05-12,191297.741960506
497,2001-05-13,275044.022908301
498,2001-05-14,1339671.37185464
499,2001-05-15,904890.431532327
500,2001-05-16,685897.454388384
501,2001-05-17,-327596.465641536
502,2001-05-18,545757.607099757
503,2001-05-19,-285955.749844531
504,2001-05-20,-204460.318399277
505,2001-05-21,517915.577383546
506,2001-05-22,-560241.334333498
507,2001-05-23,-737006.417549338
508,2001-05-24,-242259.910588685
509,2001-05-25,-721201.539520627
510,2001-05-26,-838979.686316621
511,2001-05-27,-999352.713372653
512,2001-05-28,-1176166.72809942
513,2001-05-29,-1209782.67610476
514,2001-05-30,-1140960.50598902
515,2001-05-31,-295815.449295878
516,2001-06-01,-1403404.66483419
517,2001-06-02,-1162930.75439426
518,2001-06-03,-818893.30108199
519,2001-06-04,-1368663.29207758
520,2001-06-05,-1990802.98773095
521,2001-06-06,-2112715.84720009
522,2001-06-07,-2256256.43449799
523,2001-06-08,-2129890.80753469
524,2001-06-09,-1972037.75329129
525,2001-06-10,-2007610.96173362
526,2001-06-11,-2059918.74691223
527,2001-06-12,-1822625.38468241
528,2001-06-13,-1925503.8864018
529,2001-06-14,-1828179.11117238
530,2001-06-15,-1820227.7406471
531,2001-06-16,-1818686.39805297
532,2001-06-17,-1773326.88742568
533,2001-06-18,-1763883.10581719
534,2001-06-19,-1710107.37531084
535,2001-06-20,-833279.165293882
536,2001-06-21,-264866.268635942
537,2001-06-22,-893587.252508698
538,2001-06-23,-1180032.31746248
539,2001-06-24,-889183.416525466
540,2001-06-25,
541,2001-06-26,-261318.734093894
542,2001-06-27,-1894799.36329649
543,2001-06-28,-1868547.60768534
544,2001-06-29,-709506.9084096
545,2001-06-30,-1513916.48225785
546,2001-07-01,-889158.950770003
547,2001-07-02,-431771.652400435
548,2001-07-03,-665835.534909216
549,2001-07-04,-643424.902905658
550,2001-07-05,-168544.589380474
551,2001-07-06,-344331.042377818
552,2001-07-07,0.0
553,2001-07-08,-426535.980731482
554,2001-07-09,-457680.887435117
555,2001-07-10,-524080.94776007
556,2001-07-11,-869904.401221095
557,2001-07-12,-664416.521092397
558,2001-07-13,-785375.216098502
559,2001-07-14,-852533.71484279
560,2001-07-15,-1090169.59764908
561,2001-07-16,-2328846.33095493
562,2001-07-17,-2556451.25402164
563,2001-07-18,-1699807.29226116
564,2001-07-19,-911985.500616423
565,2001-07-20,-448677.489424954
566,2001-07-21,276365.17370327
567,2001-07-22,-1109986.85957363
568,2001-07-23,-1052296.60819329
569,2001-07-24,-1475896.69826928
570,2001-07-25,-1760727.02336254
571,2001-07-26,-2135982.78064483
572,2001-07-27,-2330265.34477175
573,2001-07-28,-1937883.55866578
574,2001-07-29,-1543642.37514467
575,2001-07-30,-1437925.84579164
576,2001-07-31,-1380455.78621046
577,2001-08-01,-901807.746344064
578,2001-08-02,0.0
579,2001-08-03,-617246.54456089
580,2001-08-04,-1234419.69185539
581,2001-08-05,-1351463.86598751
582,2001-08-06,-1562823.52742719
583,2001-08-07,94021.8982420032
584,2001-08-08,0.0
585,2001-08-09,0.0
586,2001-08-10,0.0
587,2001-08-11,0.0
588,2001-08-12,0.0
589,2001-08-13,0.0
590,2001-08-14,0.0
591,2001-08-15,0.0
592,2001-08-16,0.0
593,2001-08-17,0.0
594,2001-08-18,0.0
595,2001-08-19,0.0
596,2001-08-20,0.0
597,2001-08-21,0.0
598,2001-08-22,0.0
599,2001-08-23,0.0
600,2001-08-24,0.0
601,2001-08-25,0.0
602,2001-08-26,0.0
603,2001-08-27,0.0
604,2001-08-28,0.0
605,2001-08-29,0.0
606,2001-08-30,0.0
607,2001-08-31,0.0
608,2001-09-01,0.0
609,2001-09-02,0.0
610,2001-09-03,0.0
611,2001-09-04,0.0
612,2001-09-05,0.0
613,2001-09-06,0.0
614,2001-09-07,0.0
615,2001-09-08,0.0
616,2001-09-09,0.0
617,2001-09-10,0.0
618,2001-09-11,0.0
619,2001-09-12,0.0
620,2001-09-13,0.0
621,2001-09-14,0.0
622,2001-09-15,0.0
623,2001-09-16,0.0
624,2001-09-17,0.0
625,2001-09-18,0.0
626,2001-09-19,0.0
627,2001-09-20,0.0
628,2001-09-21,0.0
629,2001-09-22,0.0
630,2001-09-23,0.0
631,2001-09-24,0.0
632,2001-09-25,0.0
633,2001-09-26,0.0
634,2001-09-27,0.0
635,2001-09-28,0.0
636,2001-09-29,0.0
637,2001-09-30,0.0
638,2001-10-01,0.0
639,2001-10-02,0.0
640,2001-10-03,0.0
641,2001-10-04,0.0
642,2001-10-05,0.0
643,2001-10-06,0.0
644,2001-10-07,0.0
645,2001-10-08,0.0
646,2001-10-09,0.0
647,2001-10-10,0.0
648,2001-10-11,0.0
649,2001-10-12,0.0
650,2001-10-13,1197011.55175338
651,2001-10-14,771796.72181687
652,2001-10-15,0.0
653,2001-10-16,0.0
654,2001-10-17,0.0
655,2001-10-18,0.0
656,2001-10-19,0.0
657,2001-10-20,0.0
658,2001-10-21,0.0
659,2001-10-22,0.0
660,2001-10-23,0.0
661,2001-10-24,0.0
662,2001-10-25,0.0
663,2001-10-26,0.0
664,2001-10-27,0.0
665,2001-10-28,0.0
666,2001-10-29,0.0
667,2001-10-30,0.0
668,2001-10-31,0.0
669,2001-11-01,0.0
670,2001-11-02,0.0
671,2001-11-03,0.0
672,2001-11-04,0.0
673,2001-11-05,0.0
674,2001-11-06,0.0
675,2001-11-07,0.0
676,2001-11-08,0.0
677,2001-11-09,0.0
678,2001-11-10,0.0
679,2001-11-11,0.0
680,2001-11-12,0.0
681,2001-11-13,0.0
682,2001-11-14,0.0
683,2001-11-15,0.0
684,2001-11-16,0.0
685,2001-11-17,0.0
686,2001-11-18,0.0
687,2001-11-19,0.0
688,2001-11-20,0.0
689,2001-11-21,0.0
690,2001-11-22,0.0
691,2001-11-23,0.0
692,2001-11-24,436053.159606355
693,2001-11-25,1183579.85200452
694,2001-11-26,1152312.61652358
695,2001-11-27,398669.485259808
696,2001-11-28,0.0
697,2001-11-29,0.0
698,2001-11-30,0.0
699,2001-12-01,0.0
700,2001-12-02,0.0
701,2001-12-03,0.0
702,2001-12-04,854711.167078944
703,2001-12-05,1169414.1795918
704,2001-12-06,849475.49540999
705,2001-12-07,0.0
706,2001-12-08,0.0
707,2001-12-09,0.0
708,2001-12-10,0.0
709,2001-12-11,0.0
710,2001-12-12,686460.166764019
711,2001-12-13,1255386.84428667
712,2001-12-14,547396.812715738
713,2001-12-15,599044.022496864
714,2001-12-16,864301.743220205
715,2001-12-17,0.0
716,2001-12-18,0.0
717,2001-12-19,217304.840017037
718,2001-12-20,575679.226030272
719,2001-12-21,1657408.13804483
720,2001-12-22,2845612.01783174
721,2001-12-23,1406609.67879976
722,2001-12-24,823933.246707245
723,2001-12-25,652648.492714982
724,2001-12-26,0.0
725,2001-12-27,675475.042561402
726,2001-12-28,1799798.83483599
727,2001-12-29,1735404.96645896
728,2001-12-30,1745435.92619854
729,2001-12-31,1753093.70765827
730,2002-01-01,443662.009555162
731,2002-01-02,0.0
732,2002-01-03,750242.391254496
733,2002-01-04,1401349.54137535
734,2002-01-05,1571680.13090458
735,2002-01-06,550381.63488215
736,2002-01-07,0.0
737,2002-01-08,813241.711570176
738,2002-01-09,1446831.38077995
739,2002-01-10,424603.186049952
740,2002-01-11,352282.412903098
741,2002-01-12,0.0
742,2002-01-13,0.0
743,2002-01-14,0.0
744,2002-01-15,0.0
745,2002-01-16,0.0
746,2002-01-17,0.0
747,2002-01-18,0.0
748,2002-01-19,0.0
749,2002-01-20,0.0
750,2002-01-21,0.0
751,2002-01-22,0.0
752,2002-01-23,741728.308353581
753,2002-01-24,1024160.98941153
754,2002-01-25,1030571.01734268
755,2002-01-26,652575.095448595
756,2002-01-27,114622.064341344
757,2002-01-28,0.0
758,2002-01-29,0.0
759,2002-01-30,0.0
760,2002-01-31,0.0
761,2002-02-01,0.0
762,2002-02-02,0.0
763,2002-02-03,0.0
764,2002-02-04,0.0
765,2002-02-05,0.0
766,2002-02-06,124481.763792691
767,2002-02-07,904131.993112992
768,2002-02-08,1311976.1366712
769,2002-02-09,1336955.67299831
770,2002-02-10,1050608.47106638
771,2002-02-11,504092.42554729
772,2002-02-12,506025.220228819
773,2002-02-13,501694.781511974
774,2002-02-14,90498.8294554176
775,2002-02-15,0.0
776,2002-02-16,0.0
777,2002-02-17,0.0
778,2002-02-18,0.0
779,2002-02-19,408015.403846445
780,2002-02-20,1228914.89687635
781,2002-02-21,1562236.34929609
782,2002-02-22,1551544.81415902
783,2002-02-23,1569551.61017935
784,2002-02-24,1578188.02185757
785,2002-02-25,1570652.56917516
786,2002-02-26,1640110.84893291
787,2002-02-27,1670790.90628276
788,2002-02-28,2026938.90854892
789,2002-03-01,2228756.92535825
790,2002-03-02,2076726.7209149
791,2002-03-03,2031660.79935316
792,2002-03-04,2155800.04256938
793,2002-03-05,2968160.98694291
794,2002-03-06,3189086.75876838
795,2002-03-07,2166467.11195098
796,2002-03-08,752615.569534349
797,2002-03-09,
798,2002-03-10,
799,2002-03-11,1502637.76898968
800,2002-03-12,1194197.98987521
801,2002-03-13,509572.754770867
802,2002-03-14,594248.734426234
803,2002-03-15,204753.907464826
804,2002-03-16,532228.04432905
805,2002-03-17,538980.592836672
806,2002-03-18,1371109.86762382
807,2002-03-19,1600916.70868214
808,2002-03-20,1115173.59973165
809,2002-03-21,185132.371583981
810,2002-03-22,797583.62807424
811,2002-03-23,995854.11034153
812,2002-03-24,989811.068742317
813,2002-03-25,1106635.05107528
814,2002-03-26,1261062.89955395
815,2002-03-27,310372.573796006
816,2002-03-28,0.0
817,2002-03-29,0.0
818,2002-03-30,737300.006614886
819,2002-03-31,656440.684811655
820,2002-04-01,0.0
821,2002-04-02,592487.200032941
822,2002-04-03,996759.343293639
823,2002-04-04,1057361.019574
824,2002-04-05,1549440.75918925
825,2002-04-06,1967389.25975343
826,2002-04-07,2027990.9360338
827,2002-04-08,971094.765813581
828,2002-04-09,0.0
829,2002-04-10,362558.030197306
830,2002-04-11,1223874.9512511
831,2002-04-12,968672.656022803
832,2002-04-13,1122170.8057939
833,2002-04-14,1466893.30025912
834,2002-04-15,1055526.08791432
835,2002-04-16,847909.687060397
836,2002-04-17,990691.835938963
837,2002-04-18,1396358.52726102
838,2002-04-19,1308281.80759638
839,2002-04-20,1196008.45577942
840,2002-04-21,1313933.39710819
841,2002-04-22,1221428.37570486
842,2002-04-23,1613125.12065788
843,2002-04-24,2440116.58679793
844,2002-04-25,2453303.62899216
845,2002-04-26,1829157.74139087
846,2002-04-27,2540132.59512822
847,2002-04-28,1367586.79883724
848,2002-04-29,888938.758970842
849,2002-04-30,1466624.17694903
850,2002-05-01,1459382.31333216
851,2002-05-02,1608427.6956091
852,2002-05-03,2265749.1476174
853,2002-05-04,4137452.83775739
854,2002-05-05,5203107.74843315
855,2002-05-06,2953799.58848648
856,2002-05-07,2701019.40304896
857,2002-05-08,2503018.04409176
858,2002-05-09,1286433.88796845
859,2002-05-10,2391796.71975969
860,2002-05-11,2646950.08347706
861,2002-05-12,1843812.72891285
862,2002-05-13,1443014.72292781
863,2002-05-14,3794369.54890815
864,2002-05-15,5343712.44507556
865,2002-05-16,3489966.61944497
866,2002-05-17,1846699.68805741
867,2002-05-18,0.0
868,2002-05-19,0.0
869,2002-05-20,0.0
870,2002-05-21,0.0
871,2002-05-22,0.0
872,2002-05-23,0.0
873,2002-05-24,158024.314531642
874,2002-05-25,783760.476237984
875,2002-05-26,1061153.21167068
876,2002-05-27,1274910.51714566
877,2002-05-28,1766500.94165167
878,2002-05-29,1772788.6408055
879,2002-05-30,2046217.92385329
880,2002-05-31,2661580.60524357
881,2002-06-01,3131518.83616535
882,2002-06-02,3028860.52624512
883,2002-06-03,3062794.52907147
884,2002-06-04,2340394.16753318
885,2002-06-05,592903.117875802
886,2002-06-06,0.0
887,2002-06-07,1420995.54301165
888,2002-06-08,617148.68153904
889,2002-06-09,0.0
890,2002-06-10,0.0
891,2002-06-11,0.0
892,2002-06-12,0.0
893,2002-06-13,0.0
894,2002-06-14,0.0
895,2002-06-15,0.0
896,2002-06-16,0.0
897,2002-06-17,0.0
898,2002-06-18,0.0
899,2002-06-19,0.0
900,2002-06-20,0.0
901,2002-06-21,0.0
902,2002-06-22,0.0
903,2002-06-23,0.0
904,2002-06-24,0.0
905,2002-06-25,0.0
906,2002-06-26,0.0
907,2002-06-27,0.0
908,2002-06-28,0.0
909,2002-06-29,0.0
910,2002-06-30,0.0
911,2002-07-01,0.0
912,2002-07-02,0.0
913,2002-07-03,0.0
914,2002-07-04,0.0
915,2002-07-05,0.0
916,2002-07-06,0.0
917,2002-07-07,0.0
918,2002-07-08,0.0
919,2002-07-09,0.0
920,2002-07-10,0.0
921,2002-07-11,0.0
922,2002-07-12,0.0
923,2002-07-13,0.0
924,2002-07-14,0.0
925,2002-07-15,1896242.84286877
926,2002-07-16,5579195.34140116
927,2002-07-17,7478423.00643635
928,2002-07-18,6273533.48142407
929,2002-07-19,5032581.43286022
930,2002-07-20,4152890.72945416
931,2002-07-21,3256367.58628998
932,2002-07-22,2221392.73296407
933,2002-07-23,1752335.26923894
934,2002-07-24,1669151.70066678
935,2002-07-25,442120.66696103
936,2002-07-26,0.0
937,2002-07-27,0.0
938,2002-07-28,0.0
939,2002-07-29,0.0
940,2002-07-30,0.0
941,2002-07-31,0.0
942,2002-08-01,1987035.26138974
943,2002-08-02,5604468.46679382
944,2002-08-03,6730994.17706003
945,2002-08-04,6812832.12908175
946,2002-08-05,5310463.48340216
947,2002-08-06,4091579.54626539
948,2002-08-07,3201270.70498865
949,2002-08-08,2363220.7173796
950,2002-08-09,1515996.07147215
951,2002-08-10,1360149.20917667
952,2002-08-11,345456.467129088
953,2002-08-12,0.0
954,2002-08-13,0.0
955,2002-08-14,0.0
956,2002-08-15,0.0
957,2002-08-16,0.0
958,2002-08-17,0.0
959,2002-08-18,0.0
960,2002-08-19,0.0
961,2002-08-20,0.0
962,2002-08-21,0.0
963,2002-08-22,0.0
964,2002-08-23,0.0
965,2002-08-24,0.0
966,2002-08-25,0.0
967,2002-08-26,0.0
968,2002-08-27,0.0
969,2002-08-28,0.0
970,2002-08-29,0.0
971,2002-08-30,0.0
972,2002-08-31,2105694.17538238
973,2002-09-01,5667320.99257672
974,2002-09-02,7341390.31009144
975,2002-09-03,7216321.36816765
976,2002-09-04,4974108.27730508
977,2002-09-05,3910019.17497892
978,2002-09-06,3169685.41468669
979,2002-09-07,2305799.58930935
980,2002-09-08,1536033.52519586
981,2002-09-09,1389557.04724247
982,2002-09-10,3218347.80230141
983,2002-09-11,8174106.76300969
984,2002-09-12,10624352.1725691
985,2002-09-13,9550501.23381339
986,2002-09-14,7695042.80530044
987,2002-09-15,5904785.61509478
988,2002-09-16,4150468.61966339
989,2002-09-17,2553270.70581153
990,2002-09-18,1545526.23831527
991,2002-09-19,1347475.94784714
992,2002-09-20,348172.165985414
993,2002-09-21,0.0
994,2002-09-22,0.0
995,2002-09-23,0.0
996,2002-09-24,0.0
997,2002-09-25,2662314.57790744
998,2002-09-26,8198009.80609646
999,2002-09-27,10762461.3621543
1000,2002-09-28,9346138.77843596
1001,2002-09-29,7412389.93244333
1002,2002-09-30,5019859.24001977
1003,2002-10-01,4147214.67418689
1004,2002-10-02,2534505.47137187
1005,2002-10-03,1571826.92543735
1006,2002-10-04,1379672.88203566
1007,2002-10-05,3139788.26151164
1008,2002-10-06,7954355.34744641
1009,2002-10-07,10613929.7607421
1010,2002-10-08,9341172.2300771
1011,2002-10-09,7645230.52717899
1012,2002-10-10,5663284.14292543
1013,2002-10-11,4113354.06862693
1014,2002-10-12,2411491.65290692
1015,2002-10-13,1469217.54702804
1016,2002-10-14,1234639.88365455
1017,2002-10-15,218503.662034694
1018,2002-10-16,0.0
1019,2002-10-17,0.0
1020,2002-10-18,0.0
1021,2002-10-19,0.0
1022,2002-10-20,0.0
1023,2002-10-21,0.0
1024,2002-10-22,0.0
1025,2002-10-23,0.0
1026,2002-10-24,0.0
1027,2002-10-25,176153.43932928
1028,2002-10-26,628720.983872755
1029,2002-10-27,615436.078656672
1030,2002-10-28,606701.803956595
1031,2002-10-29,610224.872743181
1032,2002-10-30,610542.927564192
1033,2002-10-31,607949.557485178
1034,2002-11-01,608341.009572576
1035,2002-11-02,603080.87214816
1036,2002-11-03,595863.474286752
1037,2002-11-04,596915.501771635
1038,2002-11-05,608169.749284339
1039,2002-11-06,598652.570409466
1040,2002-11-07,603814.844812032
1041,2002-11-08,608830.324681824
1042,2002-11-09,598114.323789293
1043,2002-11-10,589428.980600141
1044,2002-11-11,584389.034974886
1045,2002-11-12,595790.077020365
1046,2002-11-13,604059.502366656
1047,2002-11-14,597062.29630441
1048,2002-11-15,602077.776174202
1049,2002-11-16,378289.510959629
1050,2002-11-17,0.0
1051,2002-11-18,0.0
1052,2002-11-19,0.0
1053,2002-11-20,0.0
1054,2002-11-21,0.0
1055,2002-11-22,0.0
1056,2002-11-23,0.0
1057,2002-11-24,0.0
1058,2002-11-25,0.0
1059,2002-11-26,0.0
1060,2002-11-27,0.0
1061,2002-11-28,0.0
1062,2002-11-29,0.0
1063,2002-11-30,0.0
1064,2002-12-01,0.0
1065,2002-12-02,0.0
1066,2002-12-03,0.0
1067,2002-12-04,0.0
1068,2002-12-05,0.0
1069,2002-12-06,0.0
1070,2002-12-07,0.0
1071,2002-12-08,0.0
1072,2002-12-09,0.0
1073,2002-12-10,0.0
1074,2002-12-11,0.0
1075,2002-12-12,1759430.33832303
1076,2002-12-13,5301019.70179367
1077,2002-12-14,7361574.55834792
1078,2002-12-15,6267832.96040133
1079,2002-12-16,5128046.8106745
1080,2002-12-17,4083016.53185355
1081,2002-12-18,3307598.87822824
1082,2002-12-19,2472729.43882931
1083,2002-12-20,1630226.6837261
1084,2002-12-21,1395379.89704252
1085,2002-12-22,3086917.7639574
1086,2002-12-23,8051875.84871954
1087,2002-12-24,10458596.6793113
1088,2002-12-25,9242232.71498715
1089,2002-12-26,7626954.60784858
1090,2002-12-27,5899745.66946952
1091,2002-12-28,4203339.11721763
1092,2002-12-29,2577467.33796384
1093,2002-12-30,1603828.13358217
1094,2002-12-31,1359488.63377918
1095,2003-01-01,2628331.64357017
1096,2003-01-02,7722077.46508639
1097,2003-01-03,10597023.9237175
1098,2003-01-04,9575064.85229764
1099,2003-01-05,7588298.71421798
1100,2003-01-06,5819497.99155285
1101,2003-01-07,4219682.24186652
1102,2003-01-08,2631830.24660129
1103,2003-01-09,1668173.07044828
1104,2003-01-10,1484239.52088196
1105,2003-01-11,3833539.22340346
1106,2003-01-12,10014323.0258696
1107,2003-01-13,13631536.0394745
1108,2003-01-14,12250982.3902422
1109,2003-01-15,9996634.28467025
1110,2003-01-16,7855220.10631277
1111,2003-01-17,5531462.65249402
1112,2003-01-18,3262826.54573205
1113,2003-01-19,1739343.9530884
1114,2003-01-20,1341041.45416053
1115,2003-01-21,3903046.43467213
1116,2003-01-22,9986211.87284327
1117,2003-01-23,13531250.9078341
1118,2003-01-24,12323572.2866991
1119,2003-01-25,9924729.42936626
1120,2003-01-26,7763718.18088339
1121,2003-01-27,5562191.64135479
1122,2003-01-28,4919378.38233569
1123,2003-01-29,2375698.25266543
1124,2003-01-30,1346937.70122697
1125,2003-01-31,3801978.39885696
1126,2003-02-01,9532518.90354853
1127,2003-02-02,12049849.4145858
1128,2003-02-03,11676134.9998976
1129,2003-02-04,11736076.1007805
1130,2003-02-05,9829092.79126374
1131,2003-02-06,5600774.137719
1132,2003-02-07,4831228.26540467
1133,2003-02-08,2413889.29694223
1134,2003-02-09,1446611.18898079
1135,2003-02-10,1426304.611947
1136,2003-02-11,1364797.70271452
1137,2003-02-12,5955013.81105909
1138,2003-02-13,6376681.10645355
1139,2003-02-14,5118407.30302232
1140,2003-02-15,3978914.74236104
1141,2003-02-16,3647134.63253543
1142,2003-02-17,2569418.10441671
1143,2003-02-18,1611632.70957468
1144,2003-02-19,1406609.67879976
1145,2003-02-20,1088726.1180768
1146,2003-02-21,0.0
1147,2003-02-22,0.0
1148,2003-02-23,0.0
1149,2003-02-24,0.0
1150,2003-02-25,0.0
1151,2003-02-26,0.0
1152,2003-02-27,0.0
1153,2003-02-28,672612.549172301
1154,2003-03-01,1440299.02407149
1155,2003-03-02,375353.620304141
1156,2003-03-03,679316.166168999
1157,2003-03-04,2218261.11626488
1158,2003-03-05,631583.477261856
1159,2003-03-06,1490869.74061227
1160,2003-03-07,2312894.65839345
1161,2003-03-08,0.0
1162,2003-03-09,0.0
1163,2003-03-10,1694449.2918149
1164,2003-03-11,2345213.92135928
1165,2003-03-12,0.0
1166,2003-03-13,1619730.87463273
1167,2003-03-14,1902236.95295706
1168,2003-03-15,0.0
1169,2003-03-16,51622.744025664
1170,2003-03-17,87929.9251318656
1171,2003-03-18,502281.959643072
1172,2003-03-19,2418146.33839269
1173,2003-03-20,1103919.35221895
1174,2003-03-21,0.0
1175,2003-03-22,863127.38695801
1176,2003-03-23,315363.587910336
1177,2003-03-24,0.0
1178,2003-03-25,0.0
1179,2003-03-26,0.0
1180,2003-03-27,0.0
1181,2003-03-28,0.0
1182,2003-03-29,0.0
1183,2003-03-30,0.0
1184,2003-03-31,0.0
1185,2003-04-01,0.0
1186,2003-04-02,842502.755103206
1187,2003-04-03,981125.725553165
1188,2003-04-04,746841.651245222
1189,2003-04-05,3323085.70143594
1190,2003-04-06,1140715.8484344
1191,2003-04-07,1095356.33780711
1192,2003-04-08,3439395.90290419
1193,2003-04-09,1872021.744961
1194,2003-04-10,1165866.64504975
1195,2003-04-11,2994632.93435322
1196,2003-04-12,3615280.21892339
1197,2003-04-13,1569380.34989111
1198,2003-04-14,1941357.69594144
1199,2003-04-15,3498700.89414505
1200,2003-04-16,2382377.40390666
1201,2003-04-17,2875288.97920764
1202,2003-04-18,3410526.31145856
1203,2003-04-19,1201072.86716014
1204,2003-04-20,643155.779595571
1205,2003-04-21,4317447.40069427
1206,2003-04-22,1151162.72601684
1207,2003-04-23,1940158.87392378
1208,2003-04-24,4789098.23449841
1209,2003-04-25,1905123.91210163
1210,2003-04-26,186233.330579789
1211,2003-04-27,0.0
1212,2003-04-28,0.0
1213,2003-04-29,0.0
1214,2003-04-30,0.0
1215,2003-05-01,0.0
1216,2003-05-02,753471.870975533
1217,2003-05-03,2511091.74339435
1218,2003-05-04,5320372.11436443
1219,2003-05-05,7248444.90508979
1220,2003-05-06,6304629.45661678
1221,2003-05-07,5067469.6001496
1222,2003-05-08,4117537.712811
1223,2003-05-09,3305176.76843747
1224,2003-05-10,2354339.64814675
1225,2003-05-11,1566835.91132302
1226,2003-05-12,1382535.37542476
1227,2003-05-13,2207765.30717151
1228,2003-05-14,5080583.24507745
1229,2003-05-15,7204357.61374654
1230,2003-05-16,6351285.65228358
1231,2003-05-17,5790212.48226436
1232,2003-05-18,5838581.28081352
1233,2003-05-19,5303808.79791638
1234,2003-05-20,2881013.96598584
1235,2003-05-21,1609235.06553936
1236,2003-05-22,1349041.75619674
1237,2003-05-23,782830.777530413
1238,2003-05-24,328942.082191968
1239,2003-05-25,325834.931248243
1240,2003-05-26,326715.69844489
1241,2003-05-27,329994.109676851
1242,2003-05-28,65225.7040627584
1243,2003-05-29,0.0
1244,2003-05-30,0.0
1245,2003-05-31,0.0
1246,2003-06-01,0.0
1247,2003-06-02,0.0
1248,2003-06-03,0.0
1249,2003-06-04,0.0
1250,2003-06-05,1812447.63041005
1251,2003-06-06,5209297.58456513
1252,2003-06-07,6428254.91896829
1253,2003-06-08,6388693.79238559
1254,2003-06-09,6023689.18664204
1255,2003-06-10,4193797.4725873
1256,2003-06-11,3237969.33818225
1257,2003-06-12,2293591.17733361
1258,2003-06-13,1574664.95307099
1259,2003-06-14,1382388.58089199
1260,2003-06-15,2209233.25249926
1261,2003-06-16,5393842.77801802
1262,2003-06-17,7280641.8392783
1263,2003-06-18,6266291.6178072
1264,2003-06-19,5025461.89802066
1265,2003-06-20,4103518.83493104
1266,2003-06-21,2366499.12861157
1267,2003-06-22,1319340.32906538
1268,2003-06-23,1450329.98381107
1269,2003-06-24,1440984.06522444
1270,2003-06-25,426095.597133158
1271,2003-06-26,0.0
1272,2003-06-27,3374096.80157505
1273,2003-06-28,9262049.97691169
1274,2003-06-29,11074986.922431
1275,2003-06-30,11543897.5916234
1276,2003-07-01,10032550.0136891
1277,2003-07-02,7684204.47563059
1278,2003-07-03,5825174.04682013
1279,2003-07-04,3243009.28380751
1280,2003-07-05,1804471.79412931
1281,2003-07-06,1470416.3690457
1282,2003-07-07,3053840.06257223
1283,2003-07-08,7327469.29523334
1284,2003-07-09,10593721.0467301
1285,2003-07-10,9492443.99610111
1286,2003-07-11,7470471.63591107
1287,2003-07-12,5759238.83584896
1288,2003-07-13,4093316.61490322
1289,2003-07-14,2602618.13457919
1290,2003-07-15,1614519.66871924
1291,2003-07-16,1420824.28272342
1292,2003-07-17,440432.529834125
1293,2003-07-18,0.0
1294,2003-07-19,0.0
1295,2003-07-20,0.0
1296,2003-07-21,0.0
1297,2003-07-22,0.0
1298,2003-07-23,
